run_id,seq,ts_pc,scenario,note,battery_level,battery_scale,battery_voltage_mv,battery_temp_deciC,charge_counter_uAh,brightness,battery_updates_stopped,adb_error,batteryproperties_current_now_uA,batteryproperties_current_average_uA,batteryproperties_energy_counter,batteryproperties_charge_counter_uAh,display_state,thermal_status,thermal_battery_C,thermal_cpu_C,thermal_gpu_C,thermal_npu_C,thermal_power_amplifier_C,thermal_skin_C,thermal_soc_C,thermal_tpu_C,cpu_p0_freq1000000_dt,cpu_p0_freq1100000_dt,cpu_p0_freq1200000_dt,cpu_p0_freq1300000_dt,cpu_p0_freq1400000_dt,cpu_p0_freq1500000_dt,cpu_p0_freq1600000_dt,cpu_p0_freq1700000_dt,cpu_p0_freq1800000_dt,cpu_p0_freq1900000_dt,cpu_p0_freq2000000_dt,cpu_p0_freq2100000_dt,cpu_p0_freq2200000_dt,cpu_p0_freq480000_dt,cpu_p0_freq600000_dt,cpu_p0_freq700000_dt,cpu_p0_freq800000_dt,cpu_p0_freq900000_dt,cpu_p4_freq1000000_dt,cpu_p4_freq1100000_dt,cpu_p4_freq1200000_dt,cpu_p4_freq1300000_dt,cpu_p4_freq1400000_dt,cpu_p4_freq1500000_dt,cpu_p4_freq1600000_dt,cpu_p4_freq1700000_dt,cpu_p4_freq1800000_dt,cpu_p4_freq1900000_dt,cpu_p4_freq2000000_dt,cpu_p4_freq2100000_dt,cpu_p4_freq2200000_dt,cpu_p4_freq2300000_dt,cpu_p4_freq2400000_dt,cpu_p4_freq2500000_dt,cpu_p4_freq2600000_dt,cpu_p4_freq2660000_dt,cpu_p4_freq2800000_dt,cpu_p4_freq2850000_dt,cpu_p4_freq2900000_dt,cpu_p4_freq3000000_dt,cpu_p4_freq3100000_dt,cpu_p4_freq3200000_dt,cpu_p4_freq400000_dt,cpu_p4_freq500000_dt,cpu_p4_freq600000_dt,cpu_p4_freq700000_dt,cpu_p4_freq800000_dt,cpu_p4_freq900000_dt,cpu_p7_freq1000000_dt,cpu_p7_freq1100000_dt,cpu_p7_freq1200000_dt,cpu_p7_freq1300000_dt,cpu_p7_freq1400000_dt,cpu_p7_freq1500000_dt,cpu_p7_freq1600000_dt,cpu_p7_freq1700000_dt,cpu_p7_freq1800000_dt,cpu_p7_freq1900000_dt,cpu_p7_freq2000000_dt,cpu_p7_freq2100000_dt,cpu_p7_freq2200000_dt,cpu_p7_freq2300000_dt,cpu_p7_freq2400000_dt,cpu_p7_freq2500000_dt,cpu_p7_freq2600000_dt,cpu_p7_freq2700000_dt,cpu_p7_freq2800000_dt,cpu_p7_freq2900000_dt,cpu_p7_freq3000000_dt,cpu_p7_freq3050000_dt,cpu_p7_freq3100000_dt,cpu_p7_freq3200000_dt,cpu_p7_freq3350000_dt,cpu_p7_freq400000_dt,cpu_p7_freq500000_dt,cpu_p7_freq600000_dt,cpu_p7_freq700000_dt,cpu_p7_freq800000_dt,cpu_p7_freq900000_dt
20260131_150336,0,2026-01-31T15:03:37+08:00,S2_b90,,38,100,3802,337,1853000,90,0,,,,,,,0,33.4,48.57,48.602,48.602,36.915,38.336,48.602,48.602,0,0,0,0,0,0,0,0,0,167,0,0,0,0,1,0,0,0,5,1,2,3,1,2,1,0,1,3,1,1,2,1,1,7,0,0,0,0,0,0,0,0,116,8,3,3,2,2,0,0,0,0,0,0,0,0,151,2,0,0,3,1,1,9,0,0,0,0,0,0,0,0,0,0,0,0,0,0,0
20260131_150336,1,2026-01-31T15:03:40+08:00,S2_b90,,38,100,3802,337,1853000,90,0,,,,,,,0,33.6,44.47,44.47,44.47,36.915,37.94,44.47,44.47,4,10,6,7,5,6,5,2,5,138,0,0,0,96,41,19,14,14,11,7,5,4,6,5,6,6,4,4,3,4,2,1,1,16,0,0,0,0,0,0,0,0,223,23,16,9,9,8,0,0,0,0,0,0,0,0,370,1,0,1,0,0,0,4,0,0,0,0,0,0,0,0,0,0,0,0,0,0,0
20260131_150336,2,2026-01-31T15:03:44+08:00,S2_b90,,38,100,3802,337,1853000,90,0,,,,,,,0,33.6,42.679,42.679,42.679,36.775,37.553,42.679,42.679,11,12,7,11,4,6,4,5,2,127,0,0,0,89,36,23,13,14,6,4,7,5,7,3,6,3,3,3,6,4,3,3,1,12,0,0,0,0,0,0,0,0,238,20,11,6,6,6,0,0,0,0,0,0,0,0,363,0,0,0,0,0,0,0,0,0,0,0,0,0,0,0,0,0,0,0,0,0,0
20260131_150336,3,2026-01-31T15:03:48+08:00,S2_b90,,38,100,3802,337,1853000,90,0,,,,,,,0,33.6,49.383,49.383,47.103,36.629,37.209,47.103,47.103,7,10,9,6,7,7,1,2,4,116,0,0,0,90,36,25,22,15,2,5,2,3,3,4,2,3,2,6,2,4,2,3,3,18,0,0,0,0,0,0,0,0,249,17,10,8,6,4,0,0,0,0,0,0,0,0,349,0,1,0,0,0,0,8,0,0,0,0,0,0,0,0,0,0,0,0,0,0,0
20260131_150336,4,2026-01-31T15:03:51+08:00,S2_b90,,38,100,3802,337,1853000,90,0,,,,,,,0,33.6,45.41,45.41,45.41,36.485,36.991,45.41,45.41,10,15,8,15,6,3,6,3,4,53,0,0,0,107,62,32,21,23,5,2,3,5,5,6,2,2,2,1,1,2,1,1,1,6,0,0,0,0,0,0,0,0,267,26,12,7,6,5,0,0,0,0,0,0,0,0,366,0,0,0,0,0,0,0,0,0,0,0,0,0,0,0,0,0,0,0,0,0,0
20260131_150336,5,2026-01-31T15:03:55+08:00,S2_b90,,38,100,3802,337,1853000,90,0,,,,,,,0,33.6,47.281,47.281,47.281,36.349,36.788,47.281,47.281,10,15,15,15,5,14,5,4,2,48,0,0,0,110,42,27,27,19,6,6,5,4,6,5,6,3,7,5,2,2,3,2,3,18,0,0,0,0,0,0,0,0,224,20,12,6,8,5,0,0,0,0,0,0,0,0,357,0,0,0,0,0,0,4,0,0,0,0,0,0,0,0,0,0,0,0,0,0,0
20260131_150336,6,2026-01-31T15:03:59+08:00,S2_b90,,38,100,3802,337,1853000,90,0,,,,,,,0,33.6,41.844,41.844,41.844,36.222,36.611,41.844,41.844,12,9,16,16,5,4,5,4,6,60,0,0,0,113,44,30,21,20,6,5,5,6,8,7,4,5,4,6,3,3,4,3,2,11,0,0,0,0,0,0,0,0,227,22,16,5,6,4,0,0,0,0,0,0,0,0,363,0,0,0,0,0,0,0,0,0,0,0,0,0,0,0,0,0,0,0,0,0,0
20260131_150336,7,2026-01-31T15:04:02+08:00,S2_b90,,38,100,3802,337,1853000,90,0,,,,,,,0,33.6,40.476,40.476,40.476,36.12,36.525,40.476,40.476,7,13,14,11,6,9,5,2,4,72,0,0,0,108,48,26,22,15,4,6,5,4,5,3,6,6,5,4,3,4,3,2,2,18,0,0,0,0,0,0,0,0,226,19,13,10,7,9,0,0,0,0,0,0,0,0,355,0,0,0,0,0,0,5,0,0,0,0,0,0,0,0,0,0,0,0,0,0,0
20260131_150336,8,2026-01-31T15:04:06+08:00,S2_b90,,38,100,3802,337,1853000,90,0,,,,,,,0,33.6,41.443,41.443,41.426,36.032,36.46,40.437,41.426,9,15,10,18,6,6,3,3,2,113,0,0,0,93,35,22,13,13,11,11,8,5,8,6,4,6,5,5,2,3,2,3,2,9,0,0,0,0,0,0,0,0,209,23,16,10,8,7,0,0,0,0,0,0,0,0,361,0,0,0,0,0,0,0,0,0,0,0,0,0,0,0,0,0,0,0,0,0,0
20260131_150336,9,2026-01-31T15:04:09+08:00,S2_b90,,38,100,3802,337,1853000,90,0,,,,,,,0,33.6,44.218,44.218,43.286,35.976,36.325,43.286,43.286,14,19,10,15,10,7,5,5,6,46,0,0,0,115,41,28,18,21,6,4,3,3,6,5,4,3,5,3,2,4,2,5,4,16,0,0,0,0,0,0,0,0,226,28,14,4,9,3,0,0,0,0,0,0,0,0,351,0,0,0,0,0,0,10,0,0,0,0,0,0,0,0,0,0,0,0,0,0,0
20260131_150336,10,2026-01-31T15:04:13+08:00,S2_b90,,38,100,3802,337,1853000,90,0,,,,,,,0,33.6,40.969,40.969,40.969,35.918,36.244,40.969,40.969,10,13,15,13,7,12,6,2,6,67,0,0,0,108,33,25,25,18,5,6,7,5,4,6,2,1,2,2,1,1,1,2,2,5,0,0,0,0,0,0,0,0,255,19,14,9,6,6,0,0,0,0,0,0,0,0,360,0,0,0,0,0,0,0,0,0,0,0,0,0,0,0,0,0,0,0,0,0,0
20260131_150336,11,2026-01-31T15:04:17+08:00,S2_b90,,38,100,3802,337,1853000,90,0,,,,,,,0,33.6,45.322,45.322,45.322,35.865,36.241,45.322,45.322,7,19,11,10,4,6,2,5,4,90,0,0,0,105,42,25,20,14,5,2,6,5,4,5,5,5,6,3,3,4,3,5,1,16,0,0,0,0,0,0,0,0,233,23,11,7,6,6,0,0,0,0,0,0,0,0,362,0,0,0,0,0,0,4,0,0,0,0,0,0,0,0,0,0,0,0,0,0,0
20260131_150336,12,2026-01-31T15:04:20+08:00,S2_b90,,38,100,3802,337,1853000,90,0,,,,,,,0,33.6,42.234,42.234,42.234,35.832,36.194,42.234,42.234,9,18,11,14,7,11,3,2,5,58,0,0,0,118,45,27,22,17,5,10,7,4,10,5,6,4,4,5,3,5,2,3,3,16,0,0,0,0,0,0,0,0,215,23,11,9,5,8,0,0,0,0,0,0,0,0,364,0,0,0,0,0,0,0,0,0,0,0,0,0,0,0,0,0,0,0,0,0,0
20260131_150336,13,2026-01-31T15:04:24+08:00,S2_b90,,38,100,3802,337,1853000,90,0,,,,,,,0,33.6,41.502,41.502,41.502,35.793,36.179,41.502,41.502,7,12,13,19,5,9,3,1,2,71,0,0,0,116,38,26,22,17,3,6,10,6,8,9,5,5,5,5,3,1,2,1,1,12,0,0,0,0,0,0,0,0,223,27,12,6,8,8,0,0,0,0,0,0,0,0,360,0,0,1,0,0,0,2,0,0,0,0,0,0,0,0,0,0,0,0,0,0,0
20260131_150336,14,2026-01-31T15:04:28+08:00,S2_b90,,38,100,3802,337,1853000,90,0,,,,,,,0,33.6,40.861,40.861,40.861,35.762,36.117,40.861,40.861,15,14,14,13,4,7,7,3,6,61,0,0,0,121,42,22,18,17,4,5,4,4,3,6,5,3,2,3,2,4,5,6,4,15,0,0,0,0,0,0,0,0,232,26,14,6,9,3,0,0,0,0,0,0,0,0,369,0,0,0,0,0,0,0,0,0,0,0,0,0,0,0,0,0,0,0,0,0,0
20260131_150336,15,2026-01-31T15:04:31+08:00,S2_b90,,38,100,3802,337,1853000,90,0,,,,,,,0,33.6,45.813,45.813,45.813,35.751,36.148,45.813,45.813,14,13,19,12,4,12,7,3,4,77,0,0,0,100,34,29,22,17,9,3,4,5,6,6,10,6,6,4,3,7,4,2,3,34,0,0,0,0,0,0,0,0,200,22,8,8,7,7,0,0,0,0,0,0,0,0,360,0,0,0,0,0,0,2,0,0,0,0,0,0,0,0,0,0,0,0,0,0,0
20260131_150336,16,2026-01-31T15:04:35+08:00,S2_b90,,38,100,3802,337,1853000,90,0,,,,,,,0,33.6,42.807,42.807,42.807,35.736,36.11,42.807,42.807,5,10,9,10,7,4,6,2,5,118,0,0,0,90,29,23,18,19,6,3,6,1,6,4,0,2,0,2,0,1,1,8,0,4,0,0,0,0,0,0,0,0,244,21,16,10,10,11,0,0,0,0,0,0,0,0,354,1,0,0,0,0,0,1,0,0,0,0,0,0,0,0,0,0,0,0,0,0,0
20260131_150336,17,2026-01-31T15:04:38+08:00,S2_b90,,38,100,3802,337,1853000,90,0,,,,,,,0,33.6,41.337,41.337,42.054,35.726,36.117,42.054,42.054,6,16,11,11,4,5,7,3,7,66,0,0,0,120,40,25,28,15,6,6,9,4,4,8,6,5,2,3,2,3,3,2,1,14,0,0,0,0,0,0,0,0,234,24,10,4,6,6,0,0,0,0,0,0,0,0,356,0,0,1,0,0,0,5,0,0,0,0,0,0,0,0,0,0,0,0,0,0,0
20260131_150336,18,2026-01-31T15:04:42+08:00,S2_b90,,38,100,3802,337,1853000,90,0,,,,,,,0,33.5,41.532,41.277,41.277,35.698,36.036,41.277,41.277,10,19,9,11,7,7,7,7,4,47,0,0,0,121,42,28,24,25,6,3,6,3,7,9,5,6,3,3,2,3,3,5,2,15,0,0,0,0,0,0,0,0,221,25,16,8,9,9,0,0,0,0,0,0,0,0,368,0,0,0,0,0,0,0,0,0,0,0,0,0,0,0,0,0,0,0,0,0,0
20260131_150336,19,2026-01-31T15:04:46+08:00,S2_b90,,38,100,3797,335,1830000,90,0,,,,,,,0,33.5,41.412,41.412,41.412,35.661,36.039,41.412,41.412,15,14,6,13,9,8,7,3,4,69,0,0,0,110,39,27,21,16,4,7,2,2,4,5,4,2,4,2,1,9,2,4,2,20,0,0,0,0,0,0,0,0,232,23,12,9,7,4,0,0,0,0,0,0,0,0,358,0,0,0,0,0,0,6,0,0,0,0,0,0,0,0,0,0,0,0,0,0,0
20260131_150336,20,2026-01-31T15:04:49+08:00,S2_b90,,38,100,3797,335,1830000,90,0,,,,,,,0,33.5,40.733,40.733,40.733,35.633,35.943,40.495,40.495,6,18,8,18,7,6,2,3,6,58,0,0,0,114,42,26,29,19,5,5,6,3,5,5,2,5,4,6,4,5,2,1,4,19,0,0,0,0,0,0,0,0,230,25,16,4,4,2,0,0,0,0,0,0,0,0,350,0,1,0,1,2,0,6,0,0,0,0,0,0,0,0,0,0,0,0,0,0,0
20260131_150336,21,2026-01-31T15:04:53+08:00,S2_b90,,38,100,3797,335,1830000,90,0,,,,,,,0,33.5,44.999,45.23,45.23,35.602,35.885,45.23,45.23,7,16,12,8,6,6,6,2,3,65,0,0,0,124,38,28,28,16,5,6,4,4,7,4,5,7,2,4,1,4,6,2,2,14,0,0,0,0,0,0,0,0,228,18,18,8,8,6,0,0,0,0,0,0,0,0,367,0,0,0,0,0,0,0,0,0,0,0,0,0,0,0,0,0,0,0,0,0,0
20260131_150336,22,2026-01-31T15:04:57+08:00,S2_b90,,38,100,3797,335,1830000,90,0,,,,,,,0,33.5,41.919,41.919,41.919,35.56,35.834,41.919,41.919,9,15,9,16,7,8,5,4,5,60,0,0,0,127,37,32,15,14,3,4,3,3,2,2,2,2,1,1,1,1,1,2,2,8,0,0,0,0,0,0,0,0,275,26,13,5,8,2,0,0,0,0,0,0,0,0,359,0,0,0,0,0,0,0,0,0,0,0,0,0,0,0,0,0,0,0,0,0,0
20260131_150336,23,2026-01-31T15:05:00+08:00,S2_b90,,38,100,3797,335,1830000,90,0,,,,,,,0,33.5,40.679,40.679,40.472,35.524,35.823,40.472,40.472,9,12,10,11,3,6,6,7,4,63,0,0,0,120,43,25,22,17,8,6,8,5,6,3,5,5,5,3,3,1,4,2,1,19,0,0,0,0,0,0,0,0,215,25,11,9,6,4,0,0,0,0,0,0,0,0,358,0,0,0,0,0,0,0,0,0,0,0,0,0,0,0,0,0,0,0,0,0,0
20260131_150336,24,2026-01-31T15:05:04+08:00,S2_b90,,38,100,3797,335,1830000,90,0,,,,,,,0,33.5,39.583,39.583,39.583,35.49,35.787,39.583,39.583,8,15,13,9,7,7,8,2,4,49,0,0,0,126,39,24,26,23,6,10,5,3,6,1,4,4,4,2,3,5,3,4,3,12,0,0,0,0,0,0,0,0,223,28,16,8,7,7,0,0,0,0,0,0,0,0,365,0,0,0,0,0,0,0,0,0,0,0,0,0,0,0,0,0,0,0,0,0,0
20260131_150336,25,2026-01-31T15:05:07+08:00,S2_b90,,38,100,3797,335,1830000,90,0,,,,,,,0,33.5,41.084,41.084,41.084,35.45,35.77,41.084,41.084,10,14,15,11,6,4,4,2,4,58,0,0,0,120,42,31,26,17,6,5,5,4,4,7,4,2,4,3,3,5,2,1,4,22,0,0,0,0,0,0,0,0,224,25,13,7,8,2,0,0,0,0,0,0,0,0,361,0,0,0,0,0,0,0,0,0,0,0,0,0,0,0,0,0,0,0,0,0,0
20260131_150336,26,2026-01-31T15:05:11+08:00,S2_b90,,38,100,3797,335,1830000,90,0,,,,,,,0,33.4,40.722,40.722,41.812,35.428,35.706,41.812,41.812,9,23,10,18,5,13,5,4,7,52,0,0,0,108,38,29,21,18,6,6,8,5,9,8,5,6,7,4,1,1,2,2,2,10,0,0,0,0,0,0,0,0,226,26,12,5,6,6,0,0,0,0,0,0,0,0,358,0,0,0,0,0,0,4,0,0,0,0,0,0,0,0,0,0,0,0,0,0,0
20260131_150336,27,2026-01-31T15:05:15+08:00,S2_b90,,38,100,3797,335,1830000,90,0,,,,,,,0,33.4,40.588,40.588,40.588,35.405,35.681,40.588,40.588,9,17,13,16,5,7,5,4,6,52,0,0,0,110,37,33,25,24,7,3,4,2,6,5,4,3,1,2,1,3,1,2,2,8,0,0,0,0,0,0,0,0,252,29,10,8,5,5,0,0,0,0,0,0,0,0,360,0,0,0,0,0,0,0,0,0,0,0,0,0,0,0,0,0,0,0,0,0,0
20260131_150336,28,2026-01-31T15:05:18+08:00,S2_b90,,38,100,3797,335,1830000,90,0,,,,,,,0,33.4,40.267,40.267,40.267,35.379,35.686,40.267,40.267,6,11,14,17,5,8,8,3,4,72,0,0,0,107,48,26,21,18,6,4,7,2,5,2,4,3,2,2,3,2,4,2,4,11,0,0,0,0,0,0,0,0,252,24,14,7,7,4,0,0,0,0,0,0,0,0,372,0,0,0,0,0,0,0,0,0,0,0,0,0,0,0,0,0,0,0,0,0,0
20260131_150336,29,2026-01-31T15:05:22+08:00,S2_b90,,38,100,3797,335,1830000,90,0,,,,,,,0,33.4,39.915,39.915,39.915,35.363,35.678,39.915,39.915,13,18,13,16,9,8,5,3,9,53,0,0,0,102,41,30,26,18,6,8,4,3,3,4,5,4,3,2,3,4,2,3,3,16,0,0,0,0,0,0,0,0,235,19,14,5,7,7,0,0,0,0,0,0,0,0,355,0,0,2,0,0,0,4,0,0,0,0,0,0,0,0,0,0,0,0,0,0,0
20260131_150336,30,2026-01-31T15:05:26+08:00,S2_b90,,38,100,3797,335,1830000,90,0,,,,,,,0,33.4,41.994,41.994,41.994,35.34,35.641,41.994,41.994,11,15,11,15,6,8,7,2,4,55,0,0,0,116,44,31,23,19,7,6,7,4,5,8,4,8,3,5,2,4,3,3,1,13,0,0,0,0,0,0,0,0,222,29,11,6,6,7,0,0,0,0,0,0,0,0,361,0,0,0,0,0,0,3,0,0,0,0,0,0,0,0,0,0,0,0,0,0,0
20260131_150336,31,2026-01-31T15:05:29+08:00,S2_b90,,38,100,3797,335,1830000,90,0,,,,,,,0,33.4,40.208,40.208,40.193,35.314,35.611,40.193,40.193,13,13,13,8,6,6,4,3,4,67,0,0,0,119,41,28,17,21,10,6,5,6,8,5,8,4,4,5,4,4,3,2,3,8,0,0,0,0,0,0,0,0,231,19,11,7,8,8,0,0,0,0,0,0,0,0,370,0,0,0,0,0,0,0,0,0,0,0,0,0,0,0,0,0,0,0,0,0,0
20260131_150336,32,2026-01-31T15:05:33+08:00,S2_b90,,38,100,3797,335,1830000,90,0,,,,,,,0,33.4,41.443,41.443,41.443,35.286,35.557,41.443,41.443,11,14,11,10,9,9,7,4,6,45,0,0,0,115,42,32,21,25,3,5,3,3,1,3,3,2,4,3,2,4,4,3,3,15,0,0,0,0,0,0,0,0,245,27,8,5,4,4,0,0,0,0,0,0,0,0,341,1,2,0,0,1,0,8,0,0,0,0,0,0,0,0,0,0,0,0,0,0,0
20260131_150336,33,2026-01-31T15:05:37+08:00,S2_b90,,38,100,3797,335,1830000,90,0,,,,,,,0,33.4,45.086,45.086,43.872,35.274,35.591,41.292,41.292,10,12,17,18,8,6,3,5,5,62,0,0,0,107,36,28,23,19,6,3,5,2,3,2,4,1,14,2,1,3,4,1,2,11,0,0,0,0,0,0,0,0,241,25,11,9,5,5,0,0,0,0,0,0,0,0,360,1,0,0,0,0,0,1,0,0,0,0,0,0,0,0,0,0,0,0,0,0,0
20260131_150336,34,2026-01-31T15:05:40+08:00,S2_b90,,38,100,3797,335,1830000,90,0,,,,,,,0,33.4,41.069,41.069,41.069,35.274,35.622,41.069,41.069,7,17,83,12,4,6,4,4,4,49,0,0,0,83,31,17,22,18,5,2,2,3,3,2,2,3,66,5,2,3,0,4,2,20,0,0,0,0,0,0,0,0,203,18,9,5,6,2,0,0,0,0,0,0,0,0,362,0,0,0,0,0,0,0,0,0,0,0,0,0,0,0,0,0,0,0,0,0,0
20260131_150336,35,2026-01-31T15:05:44+08:00,S2_b90,,38,100,3797,335,1830000,90,0,,,,,,,0,33.3,39.863,39.863,39.863,35.26,35.583,39.863,39.863,10,13,12,13,5,6,12,3,7,51,0,0,0,124,41,26,20,21,8,4,6,9,5,5,9,3,4,3,3,5,1,2,2,10,0,0,0,0,0,0,0,0,221,27,15,4,11,7,0,0,0,0,0,0,0,0,364,0,0,0,0,0,0,0,0,0,0,0,0,0,0,0,0,0,0,0,0,0,0
20260131_150336,36,2026-01-31T15:05:47+08:00,S2_b90,,38,100,3797,335,1830000,90,0,,,,,,,0,33.3,39.544,39.544,39.544,35.237,35.563,39.544,39.544,9,17,16,10,6,10,4,2,3,62,0,0,0,110,37,28,28,20,6,5,3,4,6,9,5,4,4,4,1,6,3,4,1,11,0,0,0,0,0,0,0,0,235,21,11,5,7,3,0,0,0,0,0,0,0,0,358,0,0,0,0,0,0,4,0,0,0,0,0,0,0,0,0,0,0,0,0,0,0
20260131_150336,37,2026-01-31T15:05:51+08:00,S2_b90,,38,100,3797,335,1830000,90,0,,,,,,,0,33.3,41.337,41.337,41.337,35.221,35.524,41.337,41.337,9,22,16,13,8,8,5,1,4,58,0,0,0,119,35,25,19,19,9,6,8,6,6,8,8,4,4,5,3,4,2,3,4,25,0,0,0,0,0,0,0,0,194,29,14,5,9,6,0,0,0,0,0,0,0,0,361,0,0,0,0,0,0,0,0,0,0,0,0,0,0,0,0,0,0,0,0,0,0
20260131_150336,38,2026-01-31T15:05:55+08:00,S2_b90,,38,100,3797,335,1830000,90,0,,,,,,,0,33.3,40.136,40.136,40.136,35.212,35.526,40.136,40.136,11,18,12,10,7,7,10,4,3,56,0,0,0,118,42,28,22,20,3,3,4,4,7,3,3,4,6,4,1,3,3,3,1,13,0,0,0,0,0,0,0,0,240,32,14,7,5,7,0,0,0,0,0,0,0,0,362,0,0,0,3,0,0,2,0,0,0,0,0,0,0,0,0,0,0,0,0,0,0
20260131_150336,39,2026-01-31T15:05:58+08:00,S2_b90,,38,100,3797,335,1830000,90,0,,,,,,,0,33.3,40.149,40.149,40.149,35.195,35.487,40.149,40.149,15,15,20,11,7,9,9,5,4,54,0,0,0,112,36,29,21,17,4,6,5,1,7,5,3,3,1,2,2,3,2,1,1,7,0,0,0,0,0,0,0,0,251,22,16,4,7,8,0,0,0,0,0,0,0,0,355,0,0,0,0,0,0,7,0,0,0,0,0,0,0,0,0,0,0,0,0,0,0
20260131_150336,40,2026-01-31T15:06:02+08:00,S2_b90,,38,100,3797,335,1830000,90,0,,,,,,,0,33.3,42.024,42.024,42.024,35.172,35.484,42.024,42.024,9,18,12,12,7,5,7,1,8,50,0,0,0,119,44,24,25,21,5,6,7,2,4,4,2,4,4,2,2,2,2,2,3,9,0,0,0,0,0,0,0,0,246,22,17,8,6,6,0,0,0,0,0,0,0,0,364,0,0,0,0,0,0,0,0,0,0,0,0,0,0,0,0,0,0,0,0,0,0
20260131_150336,41,2026-01-31T15:06:06+08:00,S2_b90,,38,100,3797,335,1830000,90,0,,,,,,,0,33.3,41.188,41.188,41.188,35.152,35.456,41.188,41.188,5,18,10,15,4,10,11,2,3,53,0,0,0,129,35,26,16,22,8,6,3,6,3,4,4,6,4,2,3,4,3,2,5,17,0,0,0,0,0,0,0,0,225,24,12,8,7,4,0,0,0,0,0,0,0,0,355,0,0,0,0,0,0,4,0,0,0,0,0,0,0,0,0,0,0,0,0,0,0
20260131_150336,42,2026-01-31T15:06:09+08:00,S2_b90,,38,100,3797,335,1830000,90,0,,,,,,,0,33.3,39.324,39.324,39.324,35.144,35.526,41.502,39.324,5,11,9,8,5,7,8,7,7,94,0,0,0,110,35,24,17,17,2,3,5,4,4,4,7,7,3,10,4,1,1,3,4,23,0,0,0,0,0,0,0,0,217,26,11,7,8,8,0,0,0,0,0,0,0,0,353,0,1,1,0,1,1,5,0,0,0,0,0,0,0,0,0,0,0,0,0,0,0
20260131_150336,43,2026-01-31T15:06:13+08:00,S2_b90,,38,100,3797,335,1830000,90,0,,,,,,,0,33.2,40.469,40.469,39.524,35.144,35.495,40.304,39.524,8,11,10,12,4,6,5,2,5,62,0,0,0,135,40,27,19,16,10,8,6,6,5,7,3,4,4,3,3,4,3,2,1,16,0,0,0,0,0,0,0,0,222,23,14,4,8,6,0,0,0,0,0,0,0,0,361,0,0,0,0,0,0,3,0,0,0,0,0,0,0,0,0,0,0,0,0,0,0
20260131_150336,44,2026-01-31T15:06:16+08:00,S2_b90,,38,100,3797,335,1830000,90,0,,,,,,,0,33.2,41.789,41.789,41.789,35.123,35.456,41.789,41.789,8,14,12,12,8,9,6,3,5,92,0,0,0,91,29,34,20,15,3,5,2,1,2,3,3,3,5,4,1,1,0,4,4,20,0,0,0,0,0,0,0,0,231,34,16,8,4,4,0,0,0,0,0,0,0,0,350,0,0,0,0,0,0,9,0,0,0,0,0,0,0,0,0,0,0,0,0,0,0
20260131_150336,45,2026-01-31T15:06:20+08:00,S2_b90,,38,100,3797,335,1830000,90,0,,,,,,,0,33.2,40.296,40.296,40.296,35.123,35.458,40.296,40.296,9,12,8,15,6,7,5,3,9,48,0,0,0,139,47,23,21,15,8,4,5,3,4,5,4,3,2,4,1,5,3,1,3,11,0,0,0,0,0,0,0,0,236,25,16,8,7,8,0,0,0,0,0,0,0,0,366,0,0,0,0,0,0,0,0,0,0,0,0,0,0,0,0,0,0,0,0,0,0
20260131_150336,46,2026-01-31T15:06:24+08:00,S2_b90,,38,100,3797,335,1830000,90,0,,,,,,,0,33.2,45.302,45.302,44.103,35.104,35.408,44.616,44.103,9,12,8,15,4,5,8,2,4,52,0,0,0,144,42,24,16,17,6,3,4,5,3,4,4,2,2,3,2,5,3,2,1,13,0,0,0,0,0,0,0,0,247,21,12,7,9,5,0,0,0,0,0,0,0,0,356,0,0,0,0,0,0,5,0,0,0,0,0,0,0,0,0,0,0,0,0,0,0
20260131_150336,47,2026-01-31T15:06:27+08:00,S2_b90,,38,100,3797,335,1830000,90,0,,,,,,,0,33.2,39.732,39.732,39.732,35.086,35.394,39.732,39.732,10,13,9,13,5,8,6,3,4,53,0,0,0,129,38,24,28,19,3,5,7,3,8,8,5,5,7,4,0,5,4,3,4,8,0,0,0,0,0,0,0,0,228,18,13,9,6,7,0,0,0,0,0,0,0,0,363,0,0,0,0,0,0,0,0,0,0,0,0,0,0,0,0,0,0,0,0,0,0
20260131_150336,48,2026-01-31T15:06:31+08:00,S2_b90,,38,100,3797,335,1830000,90,0,,,,,,,0,33.2,40.505,40.505,40.505,35.064,35.382,40.505,40.505,8,14,13,14,7,7,8,1,3,46,0,0,0,133,38,30,26,14,6,5,8,5,4,6,3,3,4,3,3,4,4,3,1,14,0,0,0,0,0,0,0,0,224,24,18,8,7,6,0,0,0,0,0,0,0,0,361,0,0,0,0,0,0,0,0,0,0,0,0,0,0,0,0,0,0,0,0,0,0
20260131_150336,49,2026-01-31T15:06:34+08:00,S2_b90,,38,100,3797,335,1830000,90,0,,,,,,,0,33.2,43.513,43.513,43.513,35.064,35.481,43.513,43.513,3,4,10,4,1,3,2,1,2,236,0,0,0,54,12,15,12,9,6,6,2,4,5,5,4,5,3,2,3,4,2,2,1,20,0,0,0,0,0,0,0,0,243,21,12,7,6,3,0,0,0,0,0,0,0,0,360,0,0,0,0,0,0,7,0,0,0,0,0,0,0,0,0,0,0,0,0,0,0
20260131_150336,50,2026-01-31T15:06:38+08:00,S2_b90,,38,100,3797,335,1830000,90,0,,,,,,,0,33.2,39.824,39.824,39.824,35.089,35.473,39.824,39.824,6,10,5,9,3,6,5,2,5,88,0,0,0,116,39,32,21,14,4,3,4,2,4,6,2,6,5,3,3,2,3,4,2,12,0,0,0,0,0,0,0,0,242,26,12,5,8,7,0,0,0,0,0,0,0,0,362,0,0,0,0,0,0,2,0,0,0,0,0,0,0,0,0,0,0,0,0,0,0
20260131_150336,51,2026-01-31T15:06:42+08:00,S2_b90,,38,100,3797,335,1830000,90,0,,,,,,,0,33.2,39.838,39.838,39.838,35.072,35.377,39.838,39.838,8,12,13,9,6,5,6,4,2,55,0,0,0,135,38,31,20,21,3,4,5,4,3,6,5,2,3,2,4,3,2,2,2,22,0,0,0,0,0,0,0,0,237,24,10,8,7,5,0,0,0,0,0,0,0,0,358,0,0,0,0,0,2,2,0,0,0,0,0,0,0,0,0,0,0,0,0,0,0
20260131_150336,52,2026-01-31T15:06:45+08:00,S2_b90,,38,100,3797,335,1830000,90,0,,,,,,,0,33.1,39.838,39.838,40.195,35.052,35.365,40.195,40.195,8,14,8,15,4,6,6,4,7,56,0,0,0,117,41,27,23,23,2,2,1,2,2,3,4,2,6,2,2,1,1,0,3,6,0,0,0,0,0,0,0,0,256,25,17,8,4,6,0,0,0,0,0,0,0,0,358,0,0,0,0,0,0,0,0,0,0,0,0,0,0,0,0,0,0,0,0,0,0
20260131_150336,53,2026-01-31T15:06:49+08:00,S2_b90,,38,100,3797,335,1830000,90,0,,,,,,,0,33.1,39.721,39.721,39.721,35.032,35.368,39.721,39.721,7,15,16,11,4,6,4,5,3,43,0,0,0,143,41,26,22,16,8,6,6,4,5,6,3,6,0,4,1,4,2,3,2,25,0,0,0,0,0,0,0,0,215,30,15,5,6,7,0,0,0,0,0,0,0,0,355,0,0,0,0,0,0,7,0,0,0,0,0,0,0,0,0,0,0,0,0,0,0
20260131_150336,54,2026-01-31T15:06:53+08:00,S2_b90,,38,100,3797,335,1830000,90,0,,,,,,,0,33.1,41.099,41.099,41.099,35.017,35.382,41.099,41.099,11,13,12,11,5,8,3,3,5,55,0,0,0,119,47,33,21,19,8,7,9,3,4,8,5,4,4,3,2,4,1,2,1,18,0,0,0,0,0,0,0,0,223,20,11,8,7,12,0,0,0,0,0,0,0,0,361,0,0,0,0,0,0,5,0,0,0,0,0,0,0,0,0,0,0,0,0,0,0
20260131_150336,55,2026-01-31T15:06:56+08:00,S2_b90,,38,100,3797,335,1830000,90,0,,,,,,,0,33.1,39.075,39.075,39.075,35.021,35.379,39.075,39.075,9,12,10,15,3,11,3,3,4,58,0,0,0,116,35,28,25,22,9,8,7,7,9,5,7,7,4,5,2,3,3,2,3,13,0,0,0,0,0,0,0,0,211,21,13,8,7,6,0,0,0,0,0,0,0,0,352,0,0,0,0,0,0,4,0,0,0,0,0,0,0,0,0,0,0,0,0,0,0
20260131_150336,56,2026-01-31T15:07:00+08:00,S2_b90,,38,100,3797,335,1830000,90,0,,,,,,,0,33.1,42.535,42.535,42.61,35.014,35.354,42.61,42.61,12,11,17,10,5,5,9,2,4,45,0,0,0,119,47,31,27,21,3,4,5,3,5,8,5,4,4,5,4,4,3,3,2,12,0,0,0,0,0,0,0,0,228,28,14,8,4,6,0,0,0,0,0,0,0,0,362,0,0,0,0,0,0,0,0,0,0,0,0,0,0,0,0,0,0,0,0,0,0
20260131_150336,57,2026-01-31T15:07:03+08:00,S2_b90,,38,100,3797,335,1830000,90,0,,,,,,,0,33.1,41.337,41.337,41.337,35.012,35.334,41.337,41.337,13,13,12,15,5,6,5,4,2,50,0,0,0,126,44,28,22,14,5,3,4,3,3,2,1,3,1,3,0,1,1,2,0,14,0,0,0,0,0,0,0,0,260,17,14,7,8,5,0,0,0,0,0,0,0,0,360,0,0,0,0,0,0,0,0,0,0,0,0,0,0,0,0,0,0,0,0,0,0
20260131_150336,58,2026-01-31T15:07:07+08:00,S2_b90,,38,100,3797,335,1830000,90,0,,,,,,,0,33.1,39.559,39.559,39.559,35.006,35.346,39.559,39.559,10,12,10,12,6,7,8,4,4,46,0,0,0,132,33,27,26,22,6,7,6,3,6,4,2,5,4,5,3,3,4,3,3,12,0,0,0,0,0,0,0,0,234,17,18,5,7,6,0,0,0,0,0,0,0,0,359,0,0,0,0,0,0,0,0,0,0,0,0,0,0,0,0,0,0,0,0,0,0
20260131_150336,59,2026-01-31T15:07:11+08:00,S2_b90,,38,100,3797,335,1830000,90,0,,,,,,,0,33.1,39.439,39.439,39.439,35.006,35.357,39.439,39.439,13,14,9,11,4,8,4,2,6,57,0,0,0,119,41,33,26,12,10,8,9,3,6,8,4,5,2,5,1,3,1,1,2,20,0,0,0,0,0,0,0,0,199,26,16,11,9,12,0,0,0,0,0,0,0,0,363,0,0,0,0,0,0,0,0,0,0,0,0,0,0,0,0,0,0,0,0,0,0
20260131_150336,60,2026-01-31T15:07:14+08:00,S2_b90,,38,100,3797,335,1830000,90,0,,,,,,,0,33.1,44.218,44.218,44.218,34.995,35.354,44.218,44.218,11,14,10,8,10,6,2,3,4,45,0,0,0,131,43,25,31,19,5,11,4,4,4,6,5,5,6,6,2,3,3,2,1,14,0,0,0,0,0,0,0,0,227,27,10,4,6,7,0,0,0,0,0,0,0,0,352,0,0,0,0,0,0,7,0,0,0,0,0,0,0,0,0,0,0,0,0,0,0
20260131_150336,61,2026-01-31T15:07:18+08:00,S2_b90,,38,100,3797,335,1830000,90,0,,,,,,,0,33.1,40.216,40.216,40.216,34.995,35.331,40.216,40.216,9,17,10,12,6,8,5,2,4,52,0,0,0,114,42,28,25,28,7,5,6,5,6,7,6,3,8,4,3,3,3,3,1,15,0,0,0,0,0,0,0,0,220,20,14,9,7,7,0,0,0,0,0,0,0,0,356,0,0,0,0,0,0,7,0,0,0,0,0,0,0,0,0,0,0,0,0,0,0
20260131_150336,62,2026-01-31T15:07:22+08:00,S2_b90,,38,100,3797,335,1830000,90,0,,,,,,,0,33.1,42.568,42.568,42.568,34.986,35.317,42.568,42.568,9,18,12,16,4,7,5,3,3,62,0,0,0,107,44,28,27,19,6,7,8,4,4,6,4,5,2,2,3,3,2,3,3,9,0,0,0,0,0,0,0,0,228,21,10,12,10,7,0,0,0,0,0,0,0,0,364,0,0,0,0,0,0,0,0,0,0,0,0,0,0,0,0,0,0,0,0,0,0
20260131_150336,63,2026-01-31T15:07:25+08:00,S2_b90,,38,100,3797,335,1830000,90,0,,,,,,,0,33.1,40.195,40.195,40.195,34.98,35.314,40.195,40.195,8,15,15,14,11,6,6,4,3,51,0,0,0,118,40,29,25,19,5,8,6,2,4,8,2,1,2,1,0,0,1,3,1,8,0,0,0,0,0,0,0,0,254,23,12,9,8,9,0,0,0,0,0,0,0,0,358,0,0,0,0,0,0,5,0,0,0,0,0,0,0,0,0,0,0,0,0,0,0
20260131_150336,64,2026-01-31T15:07:29+08:00,S2_b90,,38,100,3797,335,1830000,90,0,,,,,,,0,33.1,39.255,39.255,39.255,34.971,35.305,39.255,39.255,12,16,15,14,7,9,6,7,3,57,0,0,0,93,49,32,26,22,10,4,9,5,5,6,5,9,4,5,2,3,2,1,3,12,0,0,0,0,0,0,0,0,235,16,10,6,8,6,0,0,0,0,0,0,0,0,361,0,0,0,0,0,0,6,0,0,0,0,0,0,0,0,0,0,0,0,0,0,0
20260131_150336,65,2026-01-31T15:07:32+08:00,S2_b90,,38,100,3797,335,1830000,90,0,,,,,,,0,33.1,38.624,39.016,39.016,34.962,35.309,39.016,39.016,10,23,19,7,8,11,5,3,6,50,0,0,0,104,42,29,21,24,9,9,10,4,10,8,5,5,3,8,4,2,3,3,3,18,0,0,0,0,0,0,0,0,211,19,12,5,8,5,0,0,0,0,0,0,0,0,363,0,0,0,0,0,0,0,0,0,0,0,0,0,0,0,0,0,0,0,0,0,0
20260131_150336,66,2026-01-31T15:07:36+08:00,S2_b90,,38,100,3797,335,1830000,90,0,,,,,,,0,33.1,39.366,39.366,39.366,34.957,35.309,39.366,39.366,9,17,18,11,6,7,7,6,8,59,0,0,0,107,36,31,21,21,4,6,5,5,5,7,4,3,6,3,3,2,5,2,0,7,0,0,0,0,0,0,0,0,234,26,15,8,6,7,0,0,0,0,0,0,0,0,363,0,0,0,0,0,0,0,0,0,0,0,0,0,0,0,0,0,0,0,0,0,0
20260131_150336,67,2026-01-31T15:07:40+08:00,S2_b90,,38,100,3797,335,1830000,90,0,,,,,,,0,33.1,40.519,40.519,40.519,34.951,35.305,40.519,40.519,13,15,11,12,5,5,4,4,6,62,0,0,0,114,40,26,23,21,5,6,4,1,5,7,4,5,4,4,1,2,2,1,2,24,0,0,0,0,0,0,0,0,229,19,19,4,6,6,0,0,0,0,0,0,0,0,360,0,0,0,0,0,0,0,0,0,0,0,0,0,0,0,0,0,0,0,0,0,0
20260131_150336,68,2026-01-31T15:07:43+08:00,S2_b90,,38,100,3797,335,1830000,90,0,,,,,,,0,33.1,44.386,44.386,44.386,34.951,35.269,44.386,44.386,11,17,16,13,2,8,5,2,1,59,0,0,0,116,39,30,26,15,5,5,4,5,6,3,3,3,7,4,3,5,2,1,2,15,0,0,0,0,0,0,0,0,231,20,18,5,12,4,0,0,0,0,0,0,0,0,363,0,0,0,0,0,0,0,0,0,0,0,0,0,0,0,0,0,0,0,0,0,0
20260131_150336,69,2026-01-31T15:07:47+08:00,S2_b90,,37,100,3795,330,1808000,90,0,,,,,,,0,33.0,40.092,40.092,40.092,34.951,35.317,40.092,40.092,13,15,8,14,6,10,8,6,6,16,43,0,0,113,42,27,21,18,11,3,6,2,5,4,3,1,2,2,0,1,1,1,1,10,4,1,0,0,0,0,0,0,256,21,10,6,7,6,0,0,0,0,0,0,0,0,361,1,0,0,0,1,0,2,0,0,0,0,0,0,0,0,0,0,0,0,0,0,0
20260131_150336,70,2026-01-31T15:07:51+08:00,S2_b90,,37,100,3795,330,1808000,90,0,,,,,,,0,33.0,39.942,39.942,41.517,34.957,35.331,41.517,41.517,12,12,11,7,6,10,9,8,4,3,79,0,0,89,39,29,23,22,7,5,7,4,3,3,2,5,4,5,2,4,6,2,2,5,1,10,3,0,0,0,0,0,233,19,10,5,6,10,0,0,0,0,0,0,0,0,358,0,2,0,0,0,1,0,0,3,0,0,0,0,0,0,0,0,0,0,0,0,0
20260131_150336,71,2026-01-31T15:07:54+08:00,S2_b90,,37,100,3795,330,1808000,90,0,,,,,,,0,33.0,39.471,39.471,39.471,34.957,35.334,39.471,39.471,7,18,13,16,6,9,5,6,4,4,69,0,0,97,44,24,20,21,8,5,6,5,10,5,4,3,3,5,4,3,2,3,3,2,1,3,10,0,0,0,0,0,224,22,11,8,9,7,0,0,0,0,0,0,0,0,361,0,0,0,0,0,0,0,0,0,2,0,0,0,0,0,0,0,0,0,0,0,0
20260131_150336,72,2026-01-31T15:07:58+08:00,S2_b90,,37,100,3795,330,1808000,90,0,,,,,,,0,33.0,39.656,39.656,39.656,34.942,35.317,39.656,39.656,15,15,15,9,6,7,7,1,6,6,67,0,0,99,40,27,29,15,9,9,5,3,3,5,1,3,3,5,1,1,2,3,1,2,1,1,15,0,0,0,0,0,226,30,14,5,8,7,0,0,0,0,0,0,0,0,359,0,0,0,0,0,0,1,0,0,2,0,0,0,0,0,0,0,0,0,0,0,0
20260131_150336,73,2026-01-31T15:08:01+08:00,S2_b90,,37,100,3795,330,1808000,90,0,,,,,,,0,33.0,39.512,39.512,39.512,34.933,35.311,39.512,39.512,6,15,10,10,5,10,6,7,5,6,68,0,0,101,42,24,28,16,7,4,6,2,5,5,3,8,8,2,2,1,3,2,1,2,0,1,14,0,0,0,0,0,229,23,14,5,5,3,0,0,0,0,0,0,0,0,362,0,0,0,0,0,0,0,0,0,1,0,0,0,0,0,0,0,0,0,0,0,0
20260131_150336,74,2026-01-31T15:08:05+08:00,S2_b90,,37,100,3795,330,1808000,90,0,,,,,,,0,33.0,43.965,43.965,43.965,34.933,35.263,43.965,43.965,9,10,20,10,6,7,7,2,4,1,66,0,0,102,44,30,20,20,6,7,5,3,5,8,4,3,3,5,3,2,2,2,3,1,1,1,11,0,0,0,0,0,228,25,11,6,10,5,0,0,0,0,0,0,0,0,354,0,1,0,0,0,0,0,0,0,1,0,0,0,0,0,0,0,0,0,0,0,0
20260131_150336,75,2026-01-31T15:08:09+08:00,S2_b90,,37,100,3795,330,1808000,90,0,,,,,,,0,33.0,44.815,44.815,44.815,34.931,35.274,44.815,44.815,18,25,15,11,8,11,7,6,4,3,58,0,0,97,35,26,20,21,4,5,4,2,4,3,2,3,4,0,0,2,1,1,1,0,1,1,8,0,0,0,0,0,262,24,12,6,5,9,0,0,0,0,0,0,0,0,362,0,0,0,0,0,0,0,0,0,0,0,0,0,0,0,0,0,0,0,0,0,0
20260131_150336,76,2026-01-31T15:08:12+08:00,S2_b90,,37,100,3795,330,1808000,90,0,,,,,,,0,33.0,39.686,39.686,39.686,34.919,35.277,39.686,39.686,7,18,19,8,9,19,5,2,7,2,64,0,0,104,37,24,20,17,7,7,4,2,4,3,5,4,4,5,2,3,1,2,1,3,1,1,14,0,0,0,0,0,230,25,15,6,9,5,0,0,0,0,0,0,0,0,364,0,0,0,0,0,0,0,0,0,0,0,0,0,0,0,0,0,0,0,0,0,0
20260131_150336,77,2026-01-31T15:08:16+08:00,S2_b90,,37,100,3792,329,1804000,90,0,,,,,,,0,32.9,39.206,39.206,38.85,34.916,35.295,38.819,38.819,11,15,14,9,6,9,13,2,4,4,50,0,0,110,43,26,20,25,6,6,8,4,6,7,5,6,2,5,2,5,2,2,1,2,1,1,6,0,0,0,0,0,211,27,12,6,12,15,0,0,0,0,0,0,0,0,353,0,1,0,0,0,0,0,0,0,7,0,0,0,0,0,0,0,0,0,0,0,0
20260131_150336,78,2026-01-31T15:08:20+08:00,S2_b90,,37,100,3792,329,1804000,90,0,,,,,,,0,32.9,40.143,40.143,40.143,34.919,35.297,40.143,40.143,8,12,15,15,8,5,7,6,8,3,73,0,0,97,38,27,23,18,3,8,5,3,7,6,4,4,5,7,2,1,1,1,5,2,1,1,17,0,0,0,0,0,234,19,9,7,6,6,0,0,0,0,0,0,0,0,366,0,0,0,0,0,0,0,0,0,0,0,0,0,0,0,0,0,0,0,0,0,0
20260131_150336,79,2026-01-31T15:08:23+08:00,S2_b90,,37,100,3792,329,1804000,90,0,,,,,,,0,32.9,39.644,39.644,39.644,34.91,35.295,39.364,39.644,8,23,12,15,5,6,9,3,4,4,75,0,0,87,42,28,26,22,6,8,3,4,12,10,5,6,4,4,2,3,1,4,1,1,2,1,12,0,0,0,0,0,216,20,14,9,10,8,0,0,0,0,0,0,0,0,359,0,0,1,0,0,0,0,0,0,2,0,0,0,0,0,0,0,0,0,0,0,0
20260131_150336,80,2026-01-31T15:08:27+08:00,S2_b90,,37,100,3792,329,1804000,90,0,,,,,,,0,32.9,50.425,50.425,50.425,34.913,35.266,50.425,50.425,7,19,11,22,8,9,8,7,9,3,67,0,0,86,37,23,24,17,6,6,4,4,3,6,3,1,2,3,2,1,3,3,1,1,1,1,16,0,0,0,0,0,236,23,15,7,5,8,0,0,0,0,0,0,0,0,355,0,0,0,0,0,0,0,0,0,5,0,0,0,0,0,0,0,0,0,0,0,0
20260131_150336,81,2026-01-31T15:08:30+08:00,S2_b90,,37,100,3792,329,1804000,90,0,,,,,,,0,32.9,39.559,39.559,39.559,34.913,35.263,39.559,39.559,14,24,10,16,4,8,6,2,7,3,71,0,0,87,35,29,25,21,6,3,4,3,2,4,2,2,1,2,0,1,0,1,1,1,1,0,10,0,0,0,0,0,260,18,15,4,14,4,0,0,0,0,0,0,0,0,357,0,0,0,0,0,0,0,0,0,3,0,0,0,0,0,0,0,0,0,0,0,0
20260131_150336,82,2026-01-31T15:08:34+08:00,S2_b90,,37,100,3792,329,1804000,90,0,,,,,,,0,32.9,39.937,39.937,39.937,34.893,35.254,39.937,39.937,13,9,14,16,6,7,8,4,3,1,89,0,0,82,38,24,25,22,3,6,4,5,4,4,6,7,6,5,5,4,6,3,2,2,0,1,17,0,0,0,0,0,220,21,13,6,7,7,0,0,0,0,0,0,0,0,359,0,0,0,0,0,0,0,0,0,3,0,0,0,0,0,0,0,0,0,0,0,0
20260131_150336,83,2026-01-31T15:08:38+08:00,S2_b90,,37,100,3792,329,1804000,90,0,,,,,,,0,32.9,40.252,40.252,40.252,34.901,35.365,40.252,40.252,9,12,15,11,7,6,4,3,2,2,129,0,0,74,32,28,18,12,9,6,4,2,5,4,3,2,1,2,2,2,1,2,2,2,1,1,18,0,0,0,0,0,233,21,15,8,7,8,0,0,0,0,0,0,0,0,346,0,1,1,0,1,1,1,1,0,13,0,0,0,0,0,0,0,0,0,0,0,0
20260131_150336,84,2026-01-31T15:08:41+08:00,S2_b90,,37,100,3792,329,1804000,90,0,,,,,,,0,32.9,39.568,39.568,39.568,34.901,35.309,39.568,39.568,13,13,14,13,8,6,10,5,5,6,59,0,0,98,40,26,25,20,8,5,4,3,4,5,4,3,3,4,2,3,2,1,6,1,1,1,14,0,0,0,0,0,245,16,11,5,7,4,0,0,0,0,0,0,0,0,363,0,0,0,0,0,0,0,0,0,0,0,0,0,0,0,0,0,0,0,0,0,0
20260131_150336,85,2026-01-31T15:08:45+08:00,S2_b90,,37,100,3792,329,1804000,90,0,,,,,,,0,32.9,40.387,40.387,40.387,34.895,35.283,40.387,40.387,11,18,6,16,6,9,7,1,4,2,77,0,0,86,42,29,27,23,5,5,4,3,10,10,6,5,3,3,4,4,3,3,3,1,1,2,4,0,0,0,0,0,230,17,15,8,9,6,0,0,0,0,0,0,0,0,356,0,0,0,0,0,0,0,0,0,6,0,0,0,0,0,0,0,0,0,0,0,0
20260131_150336,86,2026-01-31T15:08:49+08:00,S2_b90,,37,100,3792,329,1804000,90,0,,,,,,,0,32.9,47.375,47.375,47.375,34.898,35.24,47.375,47.375,10,21,9,14,5,8,6,3,2,9,85,0,0,80,34,26,26,16,5,2,5,4,6,5,4,4,3,5,2,2,4,3,1,1,1,1,15,0,0,0,0,0,243,17,9,4,7,4,0,0,0,0,0,0,0,0,354,0,0,0,0,0,0,0,0,0,0,0,0,0,0,0,0,0,0,0,0,0,0
20260131_150336,87,2026-01-31T15:08:52+08:00,S2_b90,,37,100,3792,329,1804000,90,0,,,,,,,0,32.9,42.67,42.67,42.67,34.893,35.237,42.67,42.67,19,15,15,16,4,13,4,4,8,4,62,0,0,101,35,21,22,20,4,3,3,2,4,2,3,2,3,1,1,2,3,1,1,0,0,0,4,0,0,0,0,0,280,16,10,5,7,6,0,0,0,0,0,0,0,0,357,0,0,0,0,0,0,0,0,0,7,0,0,0,0,0,0,0,0,0,0,0,0
20260131_150336,88,2026-01-31T15:08:56+08:00,S2_b90,,37,100,3792,329,1804000,90,0,,,,,,,0,32.9,41.981,42.81,42.81,34.886,35.391,42.81,42.81,16,17,15,15,6,8,15,4,4,3,68,0,0,88,36,24,21,23,4,3,2,3,2,5,6,4,4,3,4,5,2,2,3,3,1,1,14,0,0,0,0,0,251,19,9,3,5,3,0,0,0,0,0,0,0,0,327,0,0,0,1,0,0,0,0,0,34,0,0,0,0,0,0,0,0,0,0,0,0
20260131_150336,89,2026-01-31T15:08:59+08:00,S2_b90,,37,100,3792,329,1804000,90,0,,,,,,,0,32.9,40.016,40.016,40.016,34.913,35.303,40.016,40.016,7,23,12,17,10,10,4,4,4,2,68,0,0,86,41,29,27,21,8,11,5,5,8,8,5,5,3,4,1,3,5,2,1,3,0,1,5,0,0,0,0,0,228,21,12,6,7,6,0,0,0,0,0,0,0,0,363,0,0,0,0,0,0,0,0,0,0,0,0,0,0,0,0,0,0,0,0,0,0
20260131_150336,90,2026-01-31T15:09:03+08:00,S2_b90,,37,100,3792,329,1804000,90,0,,,,,,,0,32.9,42.402,42.402,39.966,34.89,35.274,39.966,39.966,10,19,14,11,7,11,4,4,8,2,72,0,0,89,42,25,21,23,5,4,5,5,6,6,5,3,6,6,3,4,2,1,4,1,1,2,12,0,0,0,0,0,226,25,13,4,8,5,0,0,0,0,0,0,0,0,353,0,0,0,1,0,2,0,0,0,7,0,0,0,0,0,0,0,0,0,0,0,0
20260131_150336,91,2026-01-31T15:09:07+08:00,S2_b90,,37,100,3792,329,1804000,90,0,,,,,,,0,32.9,38.878,38.878,38.92,34.886,35.258,38.782,38.92,10,20,12,20,4,14,6,1,3,2,63,0,0,88,44,26,25,21,9,6,5,5,8,8,5,4,4,6,3,2,2,4,2,1,0,2,6,0,0,0,0,0,225,27,12,5,6,4,0,0,0,0,0,0,0,0,364,0,0,0,0,0,0,0,0,0,0,0,0,0,0,0,0,0,0,0,0,0,0
20260131_150336,92,2026-01-31T15:09:10+08:00,S2_b90,,37,100,3792,329,1804000,90,0,,,,,,,0,32.9,43.943,43.943,43.943,34.866,35.186,48.89,48.89,15,18,21,12,5,7,5,6,2,2,80,0,0,78,38,25,26,21,6,6,4,7,3,6,5,4,4,3,3,2,2,2,4,2,1,1,12,0,0,0,0,0,243,21,9,2,7,4,0,0,0,0,0,0,0,0,355,0,0,0,0,0,0,0,0,0,6,0,0,0,0,0,0,0,0,0,0,0,0
20260131_150336,93,2026-01-31T15:09:14+08:00,S2_b90,,37,100,3792,329,1804000,90,0,,,,,,,0,32.9,39.695,39.695,39.236,34.848,35.169,39.236,39.236,13,17,13,18,7,12,6,5,3,8,52,0,0,96,40,27,31,21,5,2,3,3,3,2,3,2,1,2,2,1,1,1,1,1,0,0,4,0,0,0,0,0,255,35,16,11,5,7,0,0,0,0,0,0,0,0,365,0,0,0,0,0,0,0,0,0,0,0,0,0,0,0,0,0,0,0,0,0,0
20260131_150336,94,2026-01-31T15:09:17+08:00,S2_b90,,37,100,3792,329,1804000,90,0,,,,,,,0,32.8,40.519,40.519,40.519,34.822,35.129,40.519,40.519,10,12,12,15,5,16,6,4,5,9,58,0,0,92,39,30,27,21,4,4,7,5,6,9,6,5,8,3,3,3,4,2,2,0,1,1,5,0,0,0,0,0,227,34,9,6,3,4,0,0,0,0,0,0,0,0,361,0,0,0,0,0,0,0,0,0,0,0,0,0,0,0,0,0,0,0,0,0,0
20260131_150336,95,2026-01-31T15:09:21+08:00,S2_b90,,37,100,3792,329,1804000,90,0,,,,,,,0,32.8,39.895,39.895,39.895,34.805,35.163,40.193,39.895,10,19,9,15,7,10,5,2,4,3,75,0,0,88,41,28,22,23,5,5,5,3,3,2,3,6,1,2,0,2,3,2,1,1,2,1,20,0,0,0,0,0,240,24,9,7,10,6,0,0,0,0,0,0,0,0,358,0,0,0,0,0,0,0,0,1,4,0,0,0,0,0,0,0,0,0,0,0,0
20260131_150336,96,2026-01-31T15:09:25+08:00,S2_b90,,37,100,3792,329,1804000,90,0,,,,,,,0,32.8,40.21,40.21,40.21,34.799,35.152,40.21,40.21,10,17,19,15,7,12,6,3,5,3,63,0,0,89,33,25,23,32,6,4,2,5,6,4,5,4,4,2,5,2,3,2,3,2,2,2,10,0,0,0,0,0,231,23,17,6,7,5,0,0,0,0,0,0,0,0,363,0,0,0,0,0,0,0,0,0,0,0,0,0,0,0,0,0,0,0,0,0,0
20260131_150336,97,2026-01-31T15:09:28+08:00,S2_b90,,37,100,3792,329,1804000,90,0,,,,,,,0,32.8,40.163,40.163,40.163,34.79,35.169,40.163,40.163,11,12,18,15,10,10,2,2,6,6,58,0,0,96,42,26,22,26,5,4,8,1,5,7,4,1,2,4,1,3,1,2,5,2,1,1,19,0,0,0,0,0,225,26,14,13,4,4,0,0,0,0,0,0,0,0,370,0,1,0,1,0,0,1,0,0,0,0,0,0,0,0,0,0,0,0,0,0,0
20260131_150336,98,2026-01-31T15:09:32+08:00,S2_b90,,37,100,3792,329,1804000,90,0,,,,,,,0,32.8,44.67,44.67,44.67,34.796,35.126,44.67,44.67,10,13,18,11,11,8,2,1,9,2,69,0,0,83,49,30,27,28,6,9,6,4,7,8,2,4,4,3,2,4,3,3,2,0,0,1,5,0,0,0,0,0,250,17,12,5,8,7,0,0,0,0,0,0,0,0,363,0,0,0,0,0,0,0,0,0,0,0,0,0,0,0,0,0,0,0,0,0,0
20260131_150336,99,2026-01-31T15:09:36+08:00,S2_b90,,37,100,3792,329,1804000,90,0,,,,,,,0,32.8,39.5,39.5,39.5,34.79,35.118,39.5,39.5,14,22,14,12,7,4,5,2,15,6,68,0,0,76,35,29,33,22,6,4,3,6,5,3,4,1,2,1,0,2,1,1,0,0,1,0,3,0,0,0,0,0,261,26,11,7,9,4,0,0,0,0,0,0,0,0,357,0,0,0,0,0,0,0,0,0,3,0,0,0,0,0,0,0,0,0,0,0,0
20260131_150336,100,2026-01-31T15:09:39+08:00,S2_b90,,37,100,3792,329,1804000,90,0,,,,,,,0,32.8,39.471,39.471,39.471,34.79,35.144,39.471,39.471,11,18,17,13,4,9,4,6,4,6,64,0,0,97,35,24,29,19,5,5,3,2,5,4,7,5,5,5,2,3,3,1,1,2,0,2,13,0,0,0,0,0,241,20,12,5,3,5,0,0,0,0,0,0,0,0,354,3,0,0,1,0,0,0,0,0,2,0,0,0,0,0,0,0,0,0,0,0,0
20260131_150336,101,2026-01-31T15:09:43+08:00,S2_b90,,37,100,3792,329,1804000,90,0,,,,,,,0,32.8,39.9,39.9,39.9,34.778,35.123,39.9,39.9,7,13,16,16,4,8,4,2,7,3,58,0,0,99,48,27,27,23,5,8,5,5,3,6,6,3,7,4,2,2,3,4,2,2,3,1,9,0,0,0,0,0,229,21,11,8,9,6,0,0,0,0,0,0,0,0,363,0,0,0,0,0,0,0,0,0,0,0,0,0,0,0,0,0,0,0,0,0,0
20260131_150336,102,2026-01-31T15:09:47+08:00,S2_b90,,37,100,3792,329,1804000,90,0,,,,,,,0,32.8,39.651,39.651,39.651,34.776,35.149,39.651,39.651,14,19,18,10,5,10,12,3,4,6,63,0,0,93,38,26,26,21,8,6,3,2,4,4,4,4,4,2,2,3,3,1,3,4,1,2,14,0,0,0,0,0,240,25,11,5,8,7,0,0,0,0,0,0,0,0,369,0,0,0,0,0,0,0,0,0,3,0,0,0,0,0,0,0,0,0,0,0,0
20260131_150336,103,2026-01-31T15:09:50+08:00,S2_b90,,37,100,3792,329,1804000,90,0,,,,,,,0,32.8,40.55,40.55,40.55,34.776,35.135,40.55,40.55,9,19,20,15,7,9,12,3,7,2,65,0,0,96,38,30,21,24,9,9,6,7,9,6,5,4,5,3,3,5,2,3,3,2,1,1,5,0,0,0,0,0,229,23,13,8,5,7,0,0,0,0,0,0,0,0,372,0,0,0,0,0,0,0,0,0,0,0,0,0,0,0,0,0,0,0,0,0,0
20260131_150336,104,2026-01-31T15:09:54+08:00,S2_b90,,37,100,3792,329,1804000,90,0,,,,,,,0,32.8,40.43,40.43,40.43,34.77,35.112,40.43,40.43,11,16,15,18,7,5,4,2,7,2,84,0,0,82,47,25,21,17,4,4,4,3,8,5,4,5,2,5,1,3,4,3,2,1,2,2,14,0,0,0,0,0,237,21,12,3,6,7,0,0,0,0,0,0,0,0,358,0,0,0,0,0,0,0,0,0,4,0,0,0,0,0,0,0,0,0,0,0,0
20260131_150336,105,2026-01-31T15:09:58+08:00,S2_b90,,37,100,3792,329,1804000,90,0,,,,,,,0,32.8,39.519,39.519,39.519,34.764,35.069,39.519,39.519,6,27,13,13,4,9,6,4,4,1,66,0,0,95,35,23,26,28,6,4,4,0,8,5,3,4,3,5,2,3,1,3,1,1,1,0,4,0,0,0,0,0,253,20,13,5,5,6,0,0,0,0,0,0,0,0,360,0,0,0,0,0,0,0,0,0,0,0,0,0,0,0,0,0,0,0,0,0,0
20260131_150336,106,2026-01-31T15:10:01+08:00,S2_b90,,37,100,3792,329,1804000,90,0,,,,,,,0,32.8,40.609,40.609,40.609,34.749,35.086,40.609,40.609,10,17,19,17,6,9,6,5,3,2,62,0,0,97,39,24,27,19,5,3,4,3,4,3,4,2,3,2,2,2,3,2,2,1,0,1,14,0,0,0,0,0,251,26,11,6,7,4,0,0,0,0,0,0,0,0,362,0,0,0,0,0,0,0,0,0,2,0,0,0,0,0,0,0,0,0,0,0,0
20260131_150336,107,2026-01-31T15:10:05+08:00,S2_b90,,37,100,3792,329,1804000,90,0,,,,,,,0,32.8,38.61,38.61,38.61,34.752,35.097,38.61,38.61,7,13,13,16,9,11,6,5,10,3,60,0,0,93,36,29,32,21,6,5,8,3,6,7,4,5,5,4,2,2,2,3,2,1,1,1,10,0,0,0,0,0,228,25,15,6,7,6,0,0,0,0,0,0,0,0,365,0,0,0,0,0,0,0,0,0,0,0,0,0,0,0,0,0,0,0,0,0,0
20260131_150336,108,2026-01-31T15:10:09+08:00,S2_b90,,37,100,3792,329,1804000,90,0,,,,,,,0,32.8,40.535,40.535,39.483,34.749,35.144,39.483,39.483,11,19,14,12,6,10,8,3,3,2,68,0,0,97,39,24,28,22,3,5,3,2,3,8,5,4,4,4,5,4,3,5,3,1,2,1,14,0,0,0,0,0,233,23,10,4,7,6,0,0,0,0,0,0,0,0,361,0,0,0,0,0,0,0,0,0,0,0,0,0,0,0,0,0,0,0,0,0,0
20260131_150336,109,2026-01-31T15:10:12+08:00,S2_b90,,37,100,3792,329,1804000,90,0,,,,,,,0,32.8,40.95,40.95,40.95,34.755,35.135,40.95,40.95,18,14,15,15,7,6,7,4,2,4,63,0,0,90,44,30,25,17,3,6,5,3,4,4,3,2,1,4,2,2,2,2,3,1,2,2,9,0,0,0,0,0,244,24,11,11,8,5,0,0,0,0,0,0,0,0,363,0,0,0,0,0,0,0,0,0,0,0,0,0,0,0,0,0,0,0,0,0,0
20260131_150336,110,2026-01-31T15:10:16+08:00,S2_b90,,37,100,3792,329,1804000,90,0,,,,,,,0,32.8,38.944,38.792,38.825,34.749,35.109,38.825,38.825,15,18,10,18,6,14,7,2,7,2,60,0,0,109,32,22,21,20,5,5,5,3,5,4,2,3,3,2,2,2,3,2,2,2,3,2,12,0,0,0,0,0,239,26,14,6,6,8,0,0,0,0,0,0,0,0,355,0,2,0,0,0,0,0,0,0,4,0,0,0,0,0,0,0,0,0,0,0,0
20260131_150336,111,2026-01-31T15:10:19+08:00,S2_b90,,37,100,3792,329,1804000,90,0,,,,,,,0,32.8,39.559,39.559,39.559,34.741,35.078,39.559,39.559,8,18,10,19,9,7,9,2,4,3,56,0,0,111,33,25,26,19,7,4,3,4,4,3,2,6,3,2,2,4,1,1,1,3,4,0,7,0,0,0,0,0,247,21,12,4,7,5,0,0,0,0,0,0,0,0,358,0,0,0,0,0,0,0,0,0,0,0,0,0,0,0,0,0,0,0,0,0,0
20260131_150336,112,2026-01-31T15:10:23+08:00,S2_b90,,37,100,3792,329,1804000,90,0,,,,,,,0,32.8,39.971,39.656,39.07,34.728,35.06,39.07,39.07,12,17,12,13,6,6,5,5,4,3,52,0,0,103,46,30,24,23,3,5,6,3,9,5,5,3,4,1,0,2,2,1,4,2,1,1,13,0,0,0,0,0,239,26,13,5,2,7,0,0,0,0,0,0,0,0,362,0,0,0,0,0,0,0,0,0,0,0,0,0,0,0,0,0,0,0,0,0,0
20260131_150336,113,2026-01-31T15:10:27+08:00,S2_b90,,37,100,3792,329,1804000,90,0,,,,,,,0,32.8,40.402,40.402,40.402,34.72,35.086,40.402,40.402,12,16,8,16,6,4,10,3,3,4,78,0,0,97,44,25,20,17,6,6,5,2,5,3,3,3,3,3,3,3,3,2,4,2,1,2,9,0,0,0,0,0,238,24,11,8,7,7,0,0,0,0,0,0,0,0,366,0,0,0,0,0,0,0,0,0,0,0,0,0,0,0,0,0,0,0,0,0,0
20260131_150336,114,2026-01-31T15:10:30+08:00,S2_b90,,37,100,3792,329,1804000,90,0,,,,,,,0,32.8,40.001,39.848,39.556,34.726,35.104,39.724,39.724,10,20,13,13,6,8,7,4,9,2,76,0,0,93,37,28,23,18,5,3,5,5,6,6,6,6,4,5,2,4,2,4,3,2,1,1,18,0,0,0,0,0,229,27,7,4,5,8,0,0,0,0,0,0,0,0,369,0,0,0,0,0,0,0,0,0,0,0,0,0,0,0,0,0,0,0,0,0,0
20260131_150336,115,2026-01-31T15:10:34+08:00,S2_b90,,37,100,3792,329,1804000,90,0,,,,,,,0,32.8,40.995,40.995,40.995,34.723,35.086,40.995,40.995,10,14,21,19,4,12,7,2,4,8,51,0,0,104,37,24,29,20,5,8,8,4,8,10,10,5,4,5,4,5,3,1,3,3,1,1,4,0,0,0,0,0,216,24,13,8,8,5,0,0,0,0,0,0,0,0,363,0,0,0,0,0,0,0,0,0,0,0,0,0,0,0,0,0,0,0,0,0,0
20260131_150336,116,2026-01-31T15:10:38+08:00,S2_b90,,37,100,3792,329,1804000,90,0,,,,,,,0,32.8,40.816,40.816,40.816,34.726,35.066,40.816,40.816,7,15,14,13,10,8,6,1,7,3,58,0,0,116,34,24,27,18,4,3,6,2,6,3,2,5,3,2,3,2,2,1,3,0,1,0,14,0,0,0,0,0,244,27,10,6,4,7,0,0,0,0,0,0,0,0,361,0,0,0,0,0,0,0,0,0,0,0,0,0,0,0,0,0,0,0,0,0,0
20260131_150336,117,2026-01-31T15:10:41+08:00,S2_b90,,37,100,3792,329,1804000,90,0,,,,,,,0,32.8,41.518,41.518,41.518,34.723,35.069,41.518,41.518,11,15,14,11,11,14,8,5,4,2,81,0,0,78,34,32,18,23,4,7,2,4,4,5,3,3,4,4,3,4,4,4,1,5,2,2,8,0,0,0,0,0,242,25,9,4,7,3,0,0,0,0,0,0,0,0,362,0,0,0,0,0,0,0,0,0,0,0,0,0,0,0,0,0,0,0,0,0,0
20260131_150336,118,2026-01-31T15:10:45+08:00,S2_b90,,37,100,3792,329,1804000,90,0,,,,,,,0,32.8,40.459,40.459,40.459,34.723,35.081,40.459,40.459,14,21,16,17,5,7,8,2,6,7,59,0,0,94,35,32,25,17,5,4,3,3,9,3,2,2,0,1,1,3,1,1,1,0,0,0,7,0,0,0,0,0,268,23,10,4,5,4,0,0,0,0,0,0,0,0,358,0,0,0,0,0,0,0,0,0,4,0,0,0,0,0,0,0,0,0,0,0,0
20260131_150336,119,2026-01-31T15:10:48+08:00,S2_b90,,37,100,3792,329,1804000,90,0,,,,,,,0,32.8,44.67,44.67,44.67,34.723,35.072,44.67,44.67,10,11,14,18,4,10,4,5,2,2,71,0,0,95,43,33,17,19,8,6,6,5,8,6,6,7,3,2,2,3,3,2,3,1,1,1,7,0,0,0,0,0,222,27,13,7,10,5,0,0,0,0,0,0,0,0,360,0,0,0,0,0,0,0,0,0,0,0,0,0,0,0,0,0,0,0,0,0,0
20260131_150336,120,2026-01-31T15:10:52+08:00,S2_b90,,37,100,3792,329,1804000,90,0,,,,,,,0,32.8,39.123,41.203,41.203,34.714,35.101,41.203,41.203,9,15,12,17,10,9,6,5,7,4,68,0,0,93,37,23,28,18,5,5,4,6,4,7,5,4,3,2,3,2,1,1,1,3,1,2,14,0,0,0,0,0,234,20,16,7,5,7,0,0,0,0,0,0,0,0,365,0,0,0,0,0,0,0,0,0,0,0,0,0,0,0,0,0,0,0,0,0,0
20260131_150336,121,2026-01-31T15:10:56+08:00,S2_b90,,37,100,3792,329,1804000,90,0,,,,,,,0,32.8,40.954,41.874,41.874,34.711,35.055,41.874,41.874,7,20,17,24,8,8,6,3,3,2,59,0,0,98,41,29,20,23,10,7,8,6,8,5,4,3,6,2,3,1,2,1,3,0,0,0,6,0,0,0,0,0,233,23,10,5,8,9,0,0,0,0,0,0,0,0,364,0,0,0,0,0,0,0,0,0,0,0,0,0,0,0,0,0,0,0,0,0,0
20260131_150336,122,2026-01-31T15:10:59+08:00,S2_b90,,37,100,3792,329,1804000,90,0,,,,,,,0,32.8,42.821,42.821,42.821,34.696,35.017,42.821,42.821,6,14,11,9,10,11,3,2,6,1,58,0,0,121,48,28,24,11,5,7,2,5,7,6,5,5,4,3,1,4,3,2,1,1,2,1,10,0,0,0,0,0,228,21,17,9,9,4,0,0,0,0,0,0,0,0,358,0,1,0,0,0,1,0,0,0,2,0,0,0,0,0,0,0,0,0,0,0,0
20260131_150336,123,2026-01-31T15:11:03+08:00,S2_b90,,37,100,3792,329,1804000,90,0,,,,,,,0,32.8,39.401,39.401,39.401,34.685,35.0,38.639,39.401,11,17,16,17,7,12,8,4,7,2,72,0,0,84,35,32,22,20,3,5,5,5,5,7,4,6,3,6,1,3,2,4,2,2,0,0,5,0,0,0,0,0,237,31,12,8,3,9,0,0,0,0,0,0,0,0,360,0,0,0,1,0,0,0,0,0,2,0,0,0,0,0,0,0,0,0,0,0,0
20260131_150336,124,2026-01-31T15:11:07+08:00,S2_b90,,37,100,3792,329,1804000,90,0,,,,,,,0,32.8,39.573,39.573,39.573,34.676,35.006,39.573,39.573,13,14,12,16,12,13,6,4,7,6,56,0,0,94,41,28,22,15,5,3,3,5,3,2,1,1,2,2,1,1,1,1,1,1,1,0,11,0,0,0,0,0,255,32,10,4,7,4,0,0,0,0,0,0,0,0,360,0,0,0,0,0,0,0,0,0,0,0,0,0,0,0,0,0,0,0,0,0,0
20260131_150336,125,2026-01-31T15:11:10+08:00,S2_b90,,37,100,3792,329,1804000,90,0,,,,,,,0,32.8,40.356,40.356,40.356,34.661,34.986,40.356,40.356,6,16,17,18,6,6,5,4,10,5,75,0,0,89,39,29,23,15,7,3,4,3,6,5,4,3,5,4,1,4,3,3,2,1,2,1,12,0,0,0,0,0,237,22,13,7,6,7,0,0,0,0,0,0,0,0,364,0,0,0,0,0,0,0,0,0,0,0,0,0,0,0,0,0,0,0,0,0,0
20260131_150336,126,2026-01-31T15:11:14+08:00,S2_b90,,37,100,3792,329,1804000,90,0,,,,,,,0,32.8,38.781,38.781,38.664,34.658,35.012,38.664,38.664,14,18,12,19,10,7,7,5,9,6,67,0,0,77,37,28,22,24,8,6,6,7,6,7,5,3,4,3,2,2,5,4,2,1,0,1,10,0,0,0,0,0,223,24,11,6,9,7,0,0,0,0,0,0,0,0,365,0,0,0,0,0,0,0,0,0,0,0,0,0,0,0,0,0,0,0,0,0,0
20260131_150336,127,2026-01-31T15:11:17+08:00,S2_b90,,37,100,3792,329,1804000,90,0,,,,,,,0,32.8,40.217,40.217,40.217,34.649,35.029,40.217,40.217,8,12,11,12,7,5,14,2,7,6,103,0,0,82,37,20,20,18,6,4,4,4,8,5,4,3,4,4,2,3,1,2,4,3,3,0,14,0,0,0,0,0,220,27,15,8,7,6,0,0,0,0,0,0,0,0,355,0,0,0,0,0,1,0,0,0,5,0,0,0,0,0,0,0,0,0,0,0,0
20260131_150336,128,2026-01-31T15:11:21+08:00,S2_b90,,37,100,3792,329,1804000,90,0,,,,,,,0,32.7,39.256,39.256,39.256,34.658,35.038,39.256,39.256,6,14,12,20,7,4,15,4,8,1,69,0,0,90,38,31,19,21,5,5,8,6,3,6,2,4,4,4,1,5,6,3,3,2,2,1,10,0,0,0,0,0,228,27,11,7,6,4,0,0,0,0,0,0,0,0,362,0,0,0,0,0,0,0,0,0,0,0,0,0,0,0,0,0,0,0,0,0,0
20260131_150336,129,2026-01-31T15:11:25+08:00,S2_b90,,37,100,3792,329,1804000,90,0,,,,,,,0,32.7,42.683,42.683,42.683,34.664,34.986,42.683,42.683,12,15,14,13,5,5,7,3,4,4,70,0,0,97,38,26,30,21,10,9,4,6,8,7,7,3,4,3,2,6,2,4,2,2,1,2,9,0,0,0,0,0,228,25,7,6,7,5,0,0,0,0,0,0,0,0,361,1,0,0,1,0,0,0,0,0,2,0,0,0,0,0,0,0,0,0,0,0,0
20260131_150336,130,2026-01-31T15:11:28+08:00,S2_b90,,37,100,3792,329,1804000,90,0,,,,,,,0,32.7,39.191,39.006,39.006,34.658,34.983,39.006,39.006,16,18,18,15,3,12,7,3,6,2,61,0,0,88,44,32,22,25,5,7,5,3,4,5,2,0,2,2,1,1,1,1,1,0,0,0,3,0,0,0,0,0,253,30,15,7,5,12,0,0,0,0,0,0,0,0,368,0,0,0,0,0,0,0,0,0,0,0,0,0,0,0,0,0,0,0,0,0,0
20260131_150336,131,2026-01-31T15:11:32+08:00,S2_b90,,37,100,3792,329,1804000,90,0,,,,,,,0,32.7,39.46,39.46,39.46,34.64,34.98,39.46,39.46,9,17,8,14,5,8,6,5,12,7,70,0,0,87,40,29,26,20,5,2,7,4,5,10,8,5,6,3,4,2,2,1,1,1,0,0,11,0,0,0,0,0,243,19,7,3,8,6,0,0,0,0,0,0,0,0,362,0,0,0,0,0,0,0,0,0,2,0,0,0,0,0,0,0,0,0,0,0,0
20260131_150336,132,2026-01-31T15:11:36+08:00,S2_b90,,37,100,3792,329,1804000,90,0,,,,,,,0,32.7,39.573,39.573,39.573,34.64,35.083,39.573,39.573,9,17,3,4,3,2,6,1,2,1,189,0,0,47,25,22,16,18,5,5,4,4,2,7,2,5,0,4,1,3,2,3,5,2,1,1,11,0,0,0,0,0,243,20,9,9,9,9,0,0,0,0,0,0,0,0,351,1,2,1,3,2,1,0,0,0,5,0,0,0,0,0,0,0,0,0,0,0,0
20260131_150336,133,2026-01-31T15:11:39+08:00,S2_b90,,37,100,3792,329,1804000,90,0,,,,,,,0,32.7,38.802,38.802,38.802,34.655,35.046,38.802,38.802,9,16,16,21,6,9,12,4,4,2,64,0,0,86,37,40,21,19,5,4,4,3,6,7,4,5,3,4,5,3,2,3,5,2,2,2,7,0,0,0,0,0,232,25,11,6,6,5,0,0,0,0,0,0,0,0,347,0,1,0,0,7,0,0,0,0,7,0,0,0,0,0,0,0,0,0,0,0,0
20260131_150336,134,2026-01-31T15:11:43+08:00,S2_b90,,37,100,3792,329,1804000,90,0,,,,,,,0,32.7,40.254,40.254,40.254,34.646,35.0,40.254,40.254,15,15,11,21,6,9,6,2,7,1,44,0,0,116,42,25,21,20,7,9,4,3,5,5,6,6,5,5,1,3,2,2,2,0,1,0,16,0,0,0,0,0,223,23,14,9,10,5,0,0,0,0,0,0,0,0,363,0,0,0,0,0,0,0,0,0,0,0,0,0,0,0,0,0,0,0,0,0,0
20260131_150336,135,2026-01-31T15:11:47+08:00,S2_b90,,37,100,3792,329,1804000,90,0,,,,,,,0,32.7,48.906,48.874,48.874,34.631,34.945,48.874,48.874,10,18,16,12,6,10,8,4,6,1,68,0,0,89,39,29,23,17,2,2,3,1,2,3,2,5,1,2,3,5,2,2,3,2,2,2,10,0,0,0,0,0,246,29,10,7,5,5,0,0,0,0,0,0,0,0,358,0,0,0,0,0,0,0,0,0,0,0,0,0,0,0,0,0,0,0,0,0,0
20260131_150336,136,2026-01-31T15:11:50+08:00,S2_b90,,37,100,3792,329,1804000,90,0,,,,,,,0,32.7,39.82,39.82,39.82,34.628,35.026,39.82,39.82,8,19,17,18,8,3,6,3,4,6,68,0,0,93,39,24,24,20,5,3,2,3,2,0,2,2,6,3,1,1,2,1,4,1,0,0,20,0,0,0,0,0,245,23,12,8,7,7,0,0,0,0,0,0,0,0,342,0,0,0,1,1,0,0,1,1,14,0,0,0,0,0,0,0,0,0,0,0,0
20260131_150336,137,2026-01-31T15:11:54+08:00,S2_b90,,37,100,3792,329,1804000,90,0,,,,,,,0,32.7,39.673,39.673,39.673,34.628,34.986,39.673,39.673,6,15,9,15,6,7,9,3,2,6,59,0,0,113,44,27,28,15,10,5,7,7,5,6,5,6,3,6,3,2,5,1,3,1,2,1,9,0,0,0,0,0,219,25,12,8,9,7,0,0,0,0,0,0,0,0,365,0,0,0,0,0,0,0,0,0,2,0,0,0,0,0,0,0,0,0,0,0,0
20260131_150336,138,2026-01-31T15:11:57+08:00,S2_b90,,37,100,3792,329,1804000,90,0,,,,,,,0,32.7,39.68,39.68,39.68,34.622,34.96,39.68,39.68,12,16,15,14,5,12,5,3,5,5,57,0,0,94,39,35,20,24,7,3,5,6,5,6,5,6,1,5,2,3,1,2,2,2,1,1,7,0,0,0,0,0,230,29,11,5,7,9,0,0,0,0,0,0,0,0,361,0,0,0,0,0,0,0,0,0,0,0,0,0,0,0,0,0,0,0,0,0,0
20260131_150336,139,2026-01-31T15:12:01+08:00,S2_b90,,37,100,3792,329,1804000,90,0,,,,,,,0,32.7,41.441,41.441,41.532,34.611,34.977,41.532,41.532,9,16,9,19,8,7,11,1,7,4,55,0,0,107,43,24,26,19,8,7,5,2,4,8,3,4,3,4,3,4,3,2,1,1,0,1,13,0,0,0,0,0,229,19,12,9,11,5,0,0,0,0,0,0,0,0,364,0,0,0,0,0,0,0,0,0,0,0,0,0,0,0,0,0,0,0,0,0,0
20260131_150336,140,2026-01-31T15:12:05+08:00,S2_b90,,37,100,3792,329,1804000,90,0,,,,,,,0,32.7,42.071,42.071,42.505,34.637,35.055,42.505,42.505,9,15,13,19,8,11,12,4,5,2,52,0,0,92,46,24,23,25,5,5,5,4,4,4,4,5,0,3,3,3,2,2,3,3,3,0,19,0,0,0,0,0,224,27,14,7,6,5,0,0,0,0,0,0,0,0,354,0,1,0,0,0,0,0,0,0,2,0,0,0,0,0,0,0,0,0,0,0,0
20260131_150336,141,2026-01-31T15:12:08+08:00,S2_b90,,37,100,3792,329,1804000,90,0,,,,,,,0,32.7,46.778,46.778,46.778,34.661,35.064,49.607,46.778,14,17,12,16,6,5,9,6,12,6,58,0,0,85,43,30,21,23,3,4,3,2,4,6,5,3,5,3,2,2,2,3,3,1,1,1,10,0,0,0,0,0,250,19,13,5,6,7,0,0,0,0,0,0,0,0,364,0,0,0,0,0,0,0,0,0,0,0,0,0,0,0,0,0,0,0,0,0,0
20260131_150336,142,2026-01-31T15:12:12+08:00,S2_b90,,37,100,3792,329,1804000,90,0,,,,,,,0,32.7,38.878,38.645,38.792,34.676,35.078,38.792,38.792,9,15,14,17,7,8,3,1,6,1,64,0,0,102,47,27,25,18,2,1,4,1,2,3,3,2,1,4,1,1,2,1,2,2,1,1,9,0,0,0,0,0,269,22,10,8,6,9,0,0,0,0,0,0,0,0,359,0,0,0,1,1,0,0,0,0,2,0,0,0,0,0,0,0,0,0,0,0,0
20260131_150336,143,2026-01-31T15:12:15+08:00,S2_b90,,37,100,3792,329,1804000,90,0,,,,,,,0,32.7,39.25,39.25,39.25,34.688,35.089,39.25,39.25,10,16,13,12,8,6,4,2,5,8,67,0,0,106,40,28,19,21,4,2,7,2,3,4,5,4,4,5,3,2,2,4,2,3,1,1,9,0,0,0,0,0,244,23,13,6,4,5,0,0,0,0,0,0,0,0,367,0,0,0,0,0,0,0,0,0,0,0,0,0,0,0,0,0,0,0,0,0,0
20260131_150336,144,2026-01-31T15:12:19+08:00,S2_b90,,37,100,3792,329,1804000,90,0,,,,,,,0,32.7,38.649,38.649,38.649,34.681,35.092,38.649,38.649,18,14,13,15,6,11,7,7,3,4,59,0,0,105,42,26,16,21,6,5,7,5,4,5,4,4,4,4,3,3,1,2,1,2,1,1,12,0,0,0,0,0,219,25,15,10,15,8,0,0,0,0,0,0,0,0,359,1,0,1,0,0,1,1,0,0,1,0,0,0,0,0,0,0,0,0,0,0,0
20260131_150336,145,2026-01-31T15:12:23+08:00,S2_b90,,37,100,3792,329,1804000,90,0,,,,,,,0,32.7,39.838,39.838,39.838,34.681,35.081,39.838,39.838,15,13,10,15,7,4,4,4,4,1,57,0,0,111,42,30,27,22,7,4,5,2,5,8,5,1,3,4,0,3,3,2,1,1,1,1,14,0,0,0,0,0,238,23,11,8,10,6,0,0,0,0,0,0,0,0,364,0,0,0,0,0,0,0,0,0,3,0,0,0,0,0,0,0,0,0,0,0,0
20260131_150336,146,2026-01-31T15:12:26+08:00,S2_b90,,37,100,3792,329,1804000,90,0,,,,,,,0,32.7,41.258,41.258,41.258,34.676,35.035,41.258,41.258,13,13,15,13,5,7,3,2,2,3,65,0,0,97,44,30,26,20,7,4,7,5,8,7,5,6,3,3,3,6,3,4,4,2,1,2,8,0,0,0,0,0,214,22,17,7,7,6,0,0,0,0,0,0,0,0,355,0,0,0,0,0,0,0,0,0,7,0,0,0,0,0,0,0,0,0,0,0,0
20260131_150336,147,2026-01-31T15:12:30+08:00,S2_b90,,37,100,3792,329,1804000,90,0,,,,,,,0,32.7,41.503,41.503,41.307,34.67,35.006,41.307,41.307,11,16,13,15,8,9,4,4,4,2,68,0,0,85,44,32,28,20,5,4,4,3,5,6,4,4,7,3,2,4,1,2,2,1,0,1,5,0,0,0,0,0,238,26,13,7,6,6,0,0,0,0,0,0,0,0,359,0,0,0,0,0,0,0,0,0,0,0,0,0,0,0,0,0,0,0,0,0,0
20260131_150336,148,2026-01-31T15:12:34+08:00,S2_b90,,37,100,3792,329,1804000,90,0,,,,,,,0,32.7,43.199,43.199,43.199,34.652,34.966,43.199,43.199,9,12,11,11,3,12,3,3,4,5,53,0,0,115,40,33,24,19,7,4,4,2,5,2,0,2,3,3,0,1,1,1,2,2,0,0,9,0,0,0,0,0,259,21,13,5,8,6,0,0,0,0,0,0,0,0,357,0,0,0,0,0,0,0,0,0,2,0,0,0,0,0,0,0,0,0,0,0,0
